ID,Category,Problem,Skin_or_Hair_Type,Symptoms,Ingredients,Preparation,Usage,Frequency,Precautions
1,Haircare,Hair Growth,All,Hair Shedding; Dark Spots,Papaya; Potato Juice,Mix ingredients into a smooth paste,Apply gently on affected area and leave for 20-30 minutes,Weekly,Do patch test before use
2,Haircare,Oily Scalp,Oily,Flaky Skin; Itching,Neem Powder; Olive Oil,Mix ingredients into a smooth paste,Apply gently on affected area and leave for 20-30 minutes,Alternate days,Discontinue if irritation occurs
3,Haircare,Premature Greying,Straight,Excess Oil; Dry Texture,Onion Juice; Castor Oil,Mix ingredients into a smooth paste,Apply gently on affected area and leave for 20-30 minutes,Weekly,Avoid sun exposure after application
4,Haircare,Oily Scalp,Straight,Hair Shedding; Roughness,Olive Oil; Potato Juice,Mix ingredients into a smooth paste,Apply gently on affected area and leave for 20-30 minutes,3 times/week,Do not apply on open wounds
5,Skincare,Pigmentation,Normal,Roughness; Dull Appearance,Egg Yolk; Honey,Mix ingredients into a smooth paste,Apply gently on affected area and leave for 20-30 minutes,2 times/week,Do not apply on open wounds
6,Haircare,Frizzy Hair,Curly,Scalp Irritation; Roughness,Gram Flour; Yogurt,Mix ingredients into a smooth paste,Apply gently on affected area and leave for 20-30 minutes,3 times/week,Consult dermatologist if severe condition
7,Haircare,Dry Hair,Straight,Itching; Roughness,Egg Yolk; Onion Juice,Mix ingredients into a smooth paste,Apply gently on affected area and leave for 20-30 minutes,2 times/week,Do patch test before use
8,Skincare,Oily Skin,Oily,Itching; Hair Shedding,Yogurt; Fenugreek Seeds,Mix ingredients into a smooth paste,Apply gently on affected area and leave for 20-30 minutes,Daily,Avoid sun exposure after application
9,Skincare,Sensitive Skin,Dry,Flaky Skin; Dull Appearance,Castor Oil; Potato Juice,Mix ingredients into a smooth paste,Apply gently on affected area and leave for 20-30 minutes,Daily,Discontinue if irritation occurs
10,Skincare,Blackheads,Normal,Hair Shedding; Itching,Fenugreek Seeds; Papaya,Mix ingredients into a smooth paste,Apply gently on affected area and leave for 20-30 minutes,Alternate days,Do patch test before use
11,Haircare,Hair Growth,Curly,Roughness; Scalp Irritation,Onion Juice; Lemon Juice,Mix ingredients into a smooth paste,Apply gently on affected area and leave for 20-30 minutes,Weekly,Do not apply on open wounds
12,Haircare,Hair Growth,Normal,Flaky Skin; Dry Texture,Curd; Coconut Oil,Mix ingredients into a smooth paste,Apply gently on affected area and leave for 20-30 minutes,Daily,Consult dermatologist if severe condition
13,Haircare,Split Ends,Normal,Flaky Skin; Redness,Onion Juice; Coconut Oil,Mix ingredients into a smooth paste,Apply gently on affected area and leave for 20-30 minutes,2 times/week,Discontinue if irritation occurs
14,Skincare,Dark Circles,Oily,Excess Oil; Uneven Tone,Lemon Juice; Multani Mitti,Mix ingredients into a smooth paste,Apply gently on affected area and leave for 20-30 minutes,3 times/week,Do patch test before use
15,Skincare,Whiteheads,All,Roughness; Uneven Tone,Lemon Juice; Coconut Oil,Mix ingredients into a smooth paste,Apply gently on affected area and leave for 20-30 minutes,3 times/week,Do not apply on open wounds
16,Haircare,Frizzy Hair,Oily,Roughness; Flaky Skin,Rose Water; Green Tea,Mix ingredients into a smooth paste,Apply gently on affected area and leave for 20-30 minutes,Daily,Do patch test before use
17,Skincare,Rashes,Combination,Flaky Skin; Dark Spots,Castor Oil; Potato Juice,Mix ingredients into a smooth paste,Apply gently on affected area and leave for 20-30 minutes,Daily,Discontinue if irritation occurs
18,Skincare,Open Pores,Sensitive,Dry Texture; Itching,Fenugreek Seeds; Yogurt,Mix ingredients into a smooth paste,Apply gently on affected area and leave for 20-30 minutes,Daily,Discontinue if irritation occurs
19,Haircare,Dandruff,Dry,Redness; Scalp Irritation,Yogurt; Honey,Mix ingredients into a smooth paste,Apply gently on affected area and leave for 20-30 minutes,Weekly,Avoid sun exposure after application
20,Haircare,Hair Growth,All,Scalp Irritation; Breakage,Aloe Vera; Potato Juice,Mix ingredients into a smooth paste,Apply gently on affected area and leave for 20-30 minutes,Alternate days,Do not apply on open wounds
21,Skincare,Open Pores,Dry,Redness; Excess Oil,Banana; Lemon Juice,Mix ingredients into a smooth paste,Apply gently on affected area and leave for 20-30 minutes,Daily,Discontinue if irritation occurs
22,Haircare,Split Ends,Normal,Dry Texture; Dark Spots,Papaya; Green Tea,Mix ingredients into a smooth paste,Apply gently on affected area and leave for 20-30 minutes,2 times/week,Do not apply on open wounds
23,Skincare,Open Pores,Combination,Hair Shedding; Uneven Tone,Banana; Aloe Vera,Mix ingredients into a smooth paste,Apply gently on affected area and leave for 20-30 minutes,3 times/week,Do patch test before use
24,Haircare,Dry Hair,Curly,Dry Texture; Scalp Irritation,Neem Powder; Rose Water,Mix ingredients into a smooth paste,Apply gently on affected area and leave for 20-30 minutes,2 times/week,Discontinue if irritation occurs
25,Skincare,Pigmentation,Normal,Redness; Inflammation,Coconut Oil; Aloe Vera,Mix ingredients into a smooth paste,Apply gently on affected area and leave for 20-30 minutes,2 times/week,Avoid sun exposure after application
26,Skincare,Open Pores,Normal,Dull Appearance; Breakage,Lemon Juice; Olive Oil,Mix ingredients into a smooth paste,Apply gently on affected area and leave for 20-30 minutes,2 times/week,Discontinue if irritation occurs
27,Haircare,Hair Thinning,Straight,Dark Spots; Inflammation,Castor Oil; Gram Flour,Mix ingredients into a smooth paste,Apply gently on affected area and leave for 20-30 minutes,2 times/week,Do not apply on open wounds
28,Skincare,Sensitive Skin,Dry,Roughness; Dull Appearance,Coconut Oil; Egg Yolk,Mix ingredients into a smooth paste,Apply gently on affected area and leave for 20-30 minutes,Daily,Avoid sun exposure after application
29,Haircare,Itchy Scalp,Dry,Flaky Skin; Dull Appearance,Gram Flour; Olive Oil,Mix ingredients into a smooth paste,Apply gently on affected area and leave for 20-30 minutes,Alternate days,Do patch test before use
30,Haircare,Hair Growth,All,Roughness; Itching,Rose Water; Curd,Mix ingredients into a smooth paste,Apply gently on affected area and leave for 20-30 minutes,Daily,Consult dermatologist if severe condition
31,Skincare,Wrinkles,Sensitive,Dry Texture; Excess Oil,Gram Flour; Papaya,Mix ingredients into a smooth paste,Apply gently on affected area and leave for 20-30 minutes,Alternate days,Avoid sun exposure after application
32,Skincare,Dry Skin,Dry,Roughness; Flaky Skin,Papaya; Multani Mitti,Mix ingredients into a smooth paste,Apply gently on affected area and leave for 20-30 minutes,Daily,Do patch test before use
33,Skincare,Acne,Sensitive,Hair Shedding; Dry Texture,Neem Powder; Banana,Mix ingredients into a smooth paste,Apply gently on affected area and leave for 20-30 minutes,Alternate days,Consult dermatologist if severe condition
34,Haircare,Hair Fall,Normal,Dry Texture; Uneven Tone,Curd; Fenugreek Seeds,Mix ingredients into a smooth paste,Apply gently on affected area and leave for 20-30 minutes,Weekly,Avoid sun exposure after application
35,Haircare,Oily Scalp,Curly,Inflammation; Excess Oil,Neem Powder; Honey,Mix ingredients into a smooth paste,Apply gently on affected area and leave for 20-30 minutes,Daily,Consult dermatologist if severe condition
36,Haircare,Split Ends,Dry,Hair Shedding; Scalp Irritation,Papaya; Green Tea,Mix ingredients into a smooth paste,Apply gently on affected area and leave for 20-30 minutes,Weekly,Do not apply on open wounds
37,Skincare,Whiteheads,Combination,Hair Shedding; Dull Appearance,Neem Powder; Onion Juice,Mix ingredients into a smooth paste,Apply gently on affected area and leave for 20-30 minutes,3 times/week,Consult dermatologist if severe condition
38,Skincare,Acne,Sensitive,Hair Shedding; Redness,Onion Juice; Yogurt,Mix ingredients into a smooth paste,Apply gently on affected area and leave for 20-30 minutes,Weekly,Do patch test before use
39,Haircare,Frizzy Hair,Oily,Inflammation; Redness,Honey; Curd,Mix ingredients into a smooth paste,Apply gently on affected area and leave for 20-30 minutes,Alternate days,Avoid sun exposure after application
40,Haircare,Dandruff,All,Scalp Irritation; Hair Shedding,Neem Powder; Aloe Vera,Mix ingredients into a smooth paste,Apply gently on affected area and leave for 20-30 minutes,Alternate days,Consult dermatologist if severe condition
41,Haircare,Hair Fall,Oily,Flaky Skin; Hair Shedding,Lemon Juice; Onion Juice,Mix ingredients into a smooth paste,Apply gently on affected area and leave for 20-30 minutes,Alternate days,Discontinue if irritation occurs
42,Skincare,Open Pores,Combination,Dull Appearance; Scalp Irritation,Aloe Vera; Coconut Oil,Mix ingredients into a smooth paste,Apply gently on affected area and leave for 20-30 minutes,Alternate days,Consult dermatologist if severe condition
43,Haircare,Hair Fall,Oily,Scalp Irritation; Itching,Papaya; Castor Oil,Mix ingredients into a smooth paste,Apply gently on affected area and leave for 20-30 minutes,2 times/week,Discontinue if irritation occurs
44,Haircare,Hair Fall,All,Breakage; Excess Oil,Rose Water; Gram Flour,Mix ingredients into a smooth paste,Apply gently on affected area and leave for 20-30 minutes,2 times/week,Avoid sun exposure after application
45,Haircare,Frizzy Hair,Oily,Dry Texture; Inflammation,Onion Juice; Honey,Mix ingredients into a smooth paste,Apply gently on affected area and leave for 20-30 minutes,Daily,Do not apply on open wounds
46,Haircare,Hair Thinning,Curly,Dry Texture; Hair Shedding,Castor Oil; Curd,Mix ingredients into a smooth paste,Apply gently on affected area and leave for 20-30 minutes,2 times/week,Consult dermatologist if severe condition
47,Skincare,Open Pores,Normal,Scalp Irritation; Breakage,Coconut Oil; Banana,Mix ingredients into a smooth paste,Apply gently on affected area and leave for 20-30 minutes,Daily,Do not apply on open wounds
48,Skincare,Wrinkles,Sensitive,Itching; Roughness,Multani Mitti; Papaya,Mix ingredients into a smooth paste,Apply gently on affected area and leave for 20-30 minutes,Alternate days,Do not apply on open wounds
49,Skincare,Whiteheads,Dry,Dull Appearance; Itching,Multani Mitti; Curd,Mix ingredients into a smooth paste,Apply gently on affected area and leave for 20-30 minutes,3 times/week,Avoid sun exposure after application
50,Skincare,Wrinkles,Oily,Itching; Breakage,Papaya; Aloe Vera,Mix ingredients into a smooth paste,Apply gently on affected area and leave for 20-30 minutes,Alternate days,Avoid sun exposure after application
51,Haircare,Oily Scalp,Straight,Dull Appearance; Dry Texture,Papaya; Yogurt,Mix ingredients into a smooth paste,Apply gently on affected area and leave for 20-30 minutes,3 times/week,Do patch test before use
52,Skincare,Pigmentation,Dry,Breakage; Excess Oil,Lemon Juice; Egg Yolk,Mix ingredients into a smooth paste,Apply gently on affected area and leave for 20-30 minutes,Weekly,Do patch test before use
53,Haircare,Hair Fall,Normal,Dull Appearance; Inflammation,Potato Juice; Aloe Vera,Mix ingredients into a smooth paste,Apply gently on affected area and leave for 20-30 minutes,2 times/week,Discontinue if irritation occurs
54,Skincare,Wrinkles,Combination,Hair Shedding; Dry Texture,Coconut Oil; Egg Yolk,Mix ingredients into a smooth paste,Apply gently on affected area and leave for 20-30 minutes,3 times/week,Avoid sun exposure after application
55,Haircare,Oily Scalp,All,Dull Appearance; Roughness,Banana; Onion Juice,Mix ingredients into a smooth paste,Apply gently on affected area and leave for 20-30 minutes,Weekly,Avoid sun exposure after application
56,Haircare,Dry Hair,Curly,Redness; Itching,Yogurt; Honey,Mix ingredients into a smooth paste,Apply gently on affected area and leave for 20-30 minutes,Weekly,Consult dermatologist if severe condition
57,Haircare,Hair Thinning,Oily,Flaky Skin; Dull Appearance,Green Tea; Yogurt,Mix ingredients into a smooth paste,Apply gently on affected area and leave for 20-30 minutes,Daily,Consult dermatologist if severe condition
58,Skincare,Pigmentation,Normal,Hair Shedding; Excess Oil,Curd; Neem Powder,Mix ingredients into a smooth paste,Apply gently on affected area and leave for 20-30 minutes,Alternate days,Avoid sun exposure after application
59,Skincare,Dry Skin,Combination,Dull Appearance; Scalp Irritation,Gram Flour; Onion Juice,Mix ingredients into a smooth paste,Apply gently on affected area and leave for 20-30 minutes,3 times/week,Do patch test before use
60,Skincare,Blackheads,Combination,Breakage; Dry Texture,Castor Oil; Rose Water,Mix ingredients into a smooth paste,Apply gently on affected area and leave for 20-30 minutes,3 times/week,Discontinue if irritation occurs
61,Haircare,Hair Growth,Normal,Scalp Irritation; Excess Oil,Honey; Multani Mitti,Mix ingredients into a smooth paste,Apply gently on affected area and leave for 20-30 minutes,Weekly,Do patch test before use
62,Haircare,Premature Greying,Normal,Dark Spots; Flaky Skin,Honey; Turmeric,Mix ingredients into a smooth paste,Apply gently on affected area and leave for 20-30 minutes,Weekly,Consult dermatologist if severe condition
63,Haircare,Itchy Scalp,All,Uneven Tone; Dull Appearance,Rose Water; Banana,Mix ingredients into a smooth paste,Apply gently on affected area and leave for 20-30 minutes,Daily,Consult dermatologist if severe condition
64,Skincare,Dark Circles,Normal,Excess Oil; Breakage,Egg Yolk; Rose Water,Mix ingredients into a smooth paste,Apply gently on affected area and leave for 20-30 minutes,Alternate days,Discontinue if irritation occurs
65,Skincare,Wrinkles,Normal,Excess Oil; Dark Spots,Coconut Oil; Curd,Mix ingredients into a smooth paste,Apply gently on affected area and leave for 20-30 minutes,Alternate days,Consult dermatologist if severe condition
66,Skincare,Open Pores,All,Dull Appearance; Scalp Irritation,Turmeric; Curd,Mix ingredients into a smooth paste,Apply gently on affected area and leave for 20-30 minutes,Daily,Do patch test before use
67,Haircare,Oily Scalp,Curly,Scalp Irritation; Roughness,Turmeric; Egg Yolk,Mix ingredients into a smooth paste,Apply gently on affected area and leave for 20-30 minutes,3 times/week,Consult dermatologist if severe condition
68,Skincare,Whiteheads,Sensitive,Scalp Irritation; Roughness,Olive Oil; Honey,Mix ingredients into a smooth paste,Apply gently on affected area and leave for 20-30 minutes,Weekly,Discontinue if irritation occurs
69,Skincare,Dry Skin,Normal,Roughness; Excess Oil,Multani Mitti; Gram Flour,Mix ingredients into a smooth paste,Apply gently on affected area and leave for 20-30 minutes,Alternate days,Do not apply on open wounds
70,Skincare,Blackheads,Normal,Excess Oil; Redness,Yogurt; Onion Juice,Mix ingredients into a smooth paste,Apply gently on affected area and leave for 20-30 minutes,Alternate days,Discontinue if irritation occurs
71,Skincare,Acne,Combination,Inflammation; Dry Texture,Green Tea; Olive Oil,Mix ingredients into a smooth paste,Apply gently on affected area and leave for 20-30 minutes,2 times/week,Avoid sun exposure after application
72,Haircare,Hair Fall,Dry,Excess Oil; Hair Shedding,Rose Water; Multani Mitti,Mix ingredients into a smooth paste,Apply gently on affected area and leave for 20-30 minutes,Alternate days,Do patch test before use
73,Skincare,Dull Skin,Normal,Redness; Itching,Yogurt; Olive Oil,Mix ingredients into a smooth paste,Apply gently on affected area and leave for 20-30 minutes,Weekly,Consult dermatologist if severe condition
74,Skincare,Whiteheads,Sensitive,Flaky Skin; Itching,Coconut Oil; Honey,Mix ingredients into a smooth paste,Apply gently on affected area and leave for 20-30 minutes,3 times/week,Avoid sun exposure after application
75,Haircare,Frizzy Hair,Normal,Excess Oil; Uneven Tone,Coconut Oil; Olive Oil,Mix ingredients into a smooth paste,Apply gently on affected area and leave for 20-30 minutes,2 times/week,Do patch test before use
76,Skincare,Dry Skin,Sensitive,Flaky Skin; Inflammation,Multani Mitti; Banana,Mix ingredients into a smooth paste,Apply gently on affected area and leave for 20-30 minutes,Alternate days,Do not apply on open wounds
77,Haircare,Premature Greying,Oily,Dull Appearance; Itching,Turmeric; Banana,Mix ingredients into a smooth paste,Apply gently on affected area and leave for 20-30 minutes,Weekly,Consult dermatologist if severe condition
78,Haircare,Dry Hair,Dry,Scalp Irritation; Dark Spots,Potato Juice; Yogurt,Mix ingredients into a smooth paste,Apply gently on affected area and leave for 20-30 minutes,Daily,Avoid sun exposure after application
79,Skincare,Pigmentation,Oily,Dry Texture; Dark Spots,Egg Yolk; Rose Water,Mix ingredients into a smooth paste,Apply gently on affected area and leave for 20-30 minutes,Weekly,Consult dermatologist if severe condition
80,Skincare,Sensitive Skin,Combination,Breakage; Inflammation,Lemon Juice; Neem Powder,Mix ingredients into a smooth paste,Apply gently on affected area and leave for 20-30 minutes,Weekly,Do patch test before use
81,Haircare,Dandruff,Curly,Inflammation; Flaky Skin,Gram Flour; Banana,Mix ingredients into a smooth paste,Apply gently on affected area and leave for 20-30 minutes,2 times/week,Consult dermatologist if severe condition
82,Skincare,Dull Skin,Oily,Hair Shedding; Flaky Skin,Curd; Papaya,Mix ingredients into a smooth paste,Apply gently on affected area and leave for 20-30 minutes,Daily,Avoid sun exposure after application
83,Skincare,Sun Tan,Sensitive,Itching; Redness,Olive Oil; Castor Oil,Mix ingredients into a smooth paste,Apply gently on affected area and leave for 20-30 minutes,Weekly,Avoid sun exposure after application
84,Haircare,Itchy Scalp,Dry,Dark Spots; Excess Oil,Turmeric; Papaya,Mix ingredients into a smooth paste,Apply gently on affected area and leave for 20-30 minutes,Alternate days,Do not apply on open wounds
85,Skincare,Rashes,Dry,Inflammation; Flaky Skin,Curd; Olive Oil,Mix ingredients into a smooth paste,Apply gently on affected area and leave for 20-30 minutes,Alternate days,Consult dermatologist if severe condition
86,Haircare,Hair Fall,Dry,Excess Oil; Dry Texture,Aloe Vera; Rose Water,Mix ingredients into a smooth paste,Apply gently on affected area and leave for 20-30 minutes,Daily,Do not apply on open wounds
87,Skincare,Blackheads,All,Inflammation; Redness,Papaya; Banana,Mix ingredients into a smooth paste,Apply gently on affected area and leave for 20-30 minutes,Weekly,Do patch test before use
88,Haircare,Dandruff,Dry,Dark Spots; Hair Shedding,Potato Juice; Egg Yolk,Mix ingredients into a smooth paste,Apply gently on affected area and leave for 20-30 minutes,Weekly,Discontinue if irritation occurs
89,Skincare,Whiteheads,Sensitive,Excess Oil; Inflammation,Fenugreek Seeds; Turmeric,Mix ingredients into a smooth paste,Apply gently on affected area and leave for 20-30 minutes,Alternate days,Do patch test before use
90,Haircare,Dry Hair,Straight,Flaky Skin; Hair Shedding,Aloe Vera; Egg Yolk,Mix ingredients into a smooth paste,Apply gently on affected area and leave for 20-30 minutes,Weekly,Do not apply on open wounds
91,Haircare,Itchy Scalp,All,Inflammation; Itching,Papaya; Multani Mitti,Mix ingredients into a smooth paste,Apply gently on affected area and leave for 20-30 minutes,2 times/week,Do not apply on open wounds
92,Skincare,Open Pores,Oily,Hair Shedding; Uneven Tone,Multani Mitti; Fenugreek Seeds,Mix ingredients into a smooth paste,Apply gently on affected area and leave for 20-30 minutes,Weekly,Consult dermatologist if severe condition
93,Haircare,Dry Hair,All,Dark Spots; Itching,Papaya; Potato Juice,Mix ingredients into a smooth paste,Apply gently on affected area and leave for 20-30 minutes,Daily,Do not apply on open wounds
94,Skincare,Wrinkles,Dry,Dull Appearance; Itching,Potato Juice; Coconut Oil,Mix ingredients into a smooth paste,Apply gently on affected area and leave for 20-30 minutes,2 times/week,Do patch test before use
95,Haircare,Oily Scalp,All,Hair Shedding; Inflammation,Neem Powder; Coconut Oil,Mix ingredients into a smooth paste,Apply gently on affected area and leave for 20-30 minutes,Alternate days,Do patch test before use
96,Skincare,Whiteheads,Dry,Uneven Tone; Roughness,Potato Juice; Egg Yolk,Mix ingredients into a smooth paste,Apply gently on affected area and leave for 20-30 minutes,2 times/week,Avoid sun exposure after application
97,Haircare,Itchy Scalp,Straight,Excess Oil; Scalp Irritation,Turmeric; Fenugreek Seeds,Mix ingredients into a smooth paste,Apply gently on affected area and leave for 20-30 minutes,Daily,Consult dermatologist if severe condition
98,Haircare,Dry Hair,All,Uneven Tone; Flaky Skin,Turmeric; Gram Flour,Mix ingredients into a smooth paste,Apply gently on affected area and leave for 20-30 minutes,Weekly,Do not apply on open wounds
99,Skincare,Acne,Sensitive,Dull Appearance; Hair Shedding,Multani Mitti; Banana,Mix ingredients into a smooth paste,Apply gently on affected area and leave for 20-30 minutes,2 times/week,Discontinue if irritation occurs
100,Skincare,Rashes,Dry,Itching; Hair Shedding,Gram Flour; Papaya,Mix ingredients into a smooth paste,Apply gently on affected area and leave for 20-30 minutes,Daily,Do not apply on open wounds
101,Haircare,Frizzy Hair,All,Redness; Hair Shedding,Aloe Vera; Castor Oil,Mix ingredients into a smooth paste,Apply gently on affected area and leave for 20-30 minutes,Weekly,Do patch test before use
102,Skincare,Sensitive Skin,All,Breakage; Dry Texture,Curd; Banana,Mix ingredients into a smooth paste,Apply gently on affected area and leave for 20-30 minutes,3 times/week,Do not apply on open wounds
103,Haircare,Dry Hair,Straight,Redness; Roughness,Castor Oil; Gram Flour,Mix ingredients into a smooth paste,Apply gently on affected area and leave for 20-30 minutes,Weekly,Do not apply on open wounds
104,Haircare,Dry Hair,Oily,Itching; Breakage,Castor Oil; Egg Yolk,Mix ingredients into a smooth paste,Apply gently on affected area and leave for 20-30 minutes,3 times/week,Avoid sun exposure after application
105,Haircare,Premature Greying,Curly,Uneven Tone; Dull Appearance,Rose Water; Honey,Mix ingredients into a smooth paste,Apply gently on affected area and leave for 20-30 minutes,Daily,Do patch test before use
106,Skincare,Dark Circles,Normal,Redness; Breakage,Neem Powder; Rose Water,Mix ingredients into a smooth paste,Apply gently on affected area and leave for 20-30 minutes,2 times/week,Avoid sun exposure after application
107,Haircare,Frizzy Hair,Oily,Dull Appearance; Hair Shedding,Castor Oil; Gram Flour,Mix ingredients into a smooth paste,Apply gently on affected area and leave for 20-30 minutes,Daily,Do patch test before use
108,Skincare,Open Pores,Combination,Flaky Skin; Redness,Rose Water; Green Tea,Mix ingredients into a smooth paste,Apply gently on affected area and leave for 20-30 minutes,2 times/week,Consult dermatologist if severe condition
109,Skincare,Blackheads,Dry,Itching; Redness,Rose Water; Yogurt,Mix ingredients into a smooth paste,Apply gently on affected area and leave for 20-30 minutes,3 times/week,Consult dermatologist if severe condition
110,Skincare,Oily Skin,Oily,Excess Oil; Flaky Skin,Gram Flour; Multani Mitti,Mix ingredients into a smooth paste,Apply gently on affected area and leave for 20-30 minutes,3 times/week,Discontinue if irritation occurs
111,Haircare,Premature Greying,Straight,Breakage; Dry Texture,Banana; Aloe Vera,Mix ingredients into a smooth paste,Apply gently on affected area and leave for 20-30 minutes,3 times/week,Do not apply on open wounds
112,Haircare,Premature Greying,Oily,Scalp Irritation; Excess Oil,Rose Water; Gram Flour,Mix ingredients into a smooth paste,Apply gently on affected area and leave for 20-30 minutes,3 times/week,Do not apply on open wounds
113,Haircare,Split Ends,Curly,Uneven Tone; Inflammation,Honey; Onion Juice,Mix ingredients into a smooth paste,Apply gently on affected area and leave for 20-30 minutes,Weekly,Consult dermatologist if severe condition
114,Haircare,Split Ends,Straight,Hair Shedding; Itching,Yogurt; Olive Oil,Mix ingredients into a smooth paste,Apply gently on affected area and leave for 20-30 minutes,2 times/week,Avoid sun exposure after application
115,Skincare,Pigmentation,All,Hair Shedding; Flaky Skin,Papaya; Multani Mitti,Mix ingredients into a smooth paste,Apply gently on affected area and leave for 20-30 minutes,3 times/week,Avoid sun exposure after application
116,Skincare,Pigmentation,Dry,Dry Texture; Inflammation,Turmeric; Curd,Mix ingredients into a smooth paste,Apply gently on affected area and leave for 20-30 minutes,Daily,Consult dermatologist if severe condition
117,Skincare,Whiteheads,Sensitive,Inflammation; Itching,Papaya; Potato Juice,Mix ingredients into a smooth paste,Apply gently on affected area and leave for 20-30 minutes,3 times/week,Avoid sun exposure after application
118,Skincare,Whiteheads,Combination,Uneven Tone; Breakage,Lemon Juice; Onion Juice,Mix ingredients into a smooth paste,Apply gently on affected area and leave for 20-30 minutes,Alternate days,Discontinue if irritation occurs
119,Haircare,Frizzy Hair,Normal,Roughness; Itching,Fenugreek Seeds; Olive Oil,Mix ingredients into a smooth paste,Apply gently on affected area and leave for 20-30 minutes,2 times/week,Consult dermatologist if severe condition
120,Haircare,Split Ends,Normal,Uneven Tone; Flaky Skin,Aloe Vera; Multani Mitti,Mix ingredients into a smooth paste,Apply gently on affected area and leave for 20-30 minutes,Alternate days,Avoid sun exposure after application
121,Haircare,Dry Hair,Curly,Inflammation; Dull Appearance,Olive Oil; Honey,Mix ingredients into a smooth paste,Apply gently on affected area and leave for 20-30 minutes,Weekly,Discontinue if irritation occurs
122,Haircare,Itchy Scalp,Normal,Dark Spots; Scalp Irritation,Gram Flour; Multani Mitti,Mix ingredients into a smooth paste,Apply gently on affected area and leave for 20-30 minutes,Daily,Avoid sun exposure after application
123,Haircare,Dry Hair,Curly,Excess Oil; Breakage,Aloe Vera; Yogurt,Mix ingredients into a smooth paste,Apply gently on affected area and leave for 20-30 minutes,Daily,Do patch test before use
124,Haircare,Dandruff,Oily,Itching; Excess Oil,Olive Oil; Yogurt,Mix ingredients into a smooth paste,Apply gently on affected area and leave for 20-30 minutes,Weekly,Do patch test before use
125,Haircare,Itchy Scalp,Normal,Dull Appearance; Inflammation,Gram Flour; Honey,Mix ingredients into a smooth paste,Apply gently on affected area and leave for 20-30 minutes,3 times/week,Do patch test before use
126,Haircare,Split Ends,All,Redness; Excess Oil,Multani Mitti; Turmeric,Mix ingredients into a smooth paste,Apply gently on affected area and leave for 20-30 minutes,3 times/week,Discontinue if irritation occurs
127,Haircare,Premature Greying,Dry,Redness; Scalp Irritation,Papaya; Green Tea,Mix ingredients into a smooth paste,Apply gently on affected area and leave for 20-30 minutes,3 times/week,Discontinue if irritation occurs
128,Skincare,Pigmentation,Combination,Uneven Tone; Flaky Skin,Curd; Rose Water,Mix ingredients into a smooth paste,Apply gently on affected area and leave for 20-30 minutes,Daily,Do not apply on open wounds
129,Haircare,Hair Fall,Dry,Scalp Irritation; Inflammation,Gram Flour; Aloe Vera,Mix ingredients into a smooth paste,Apply gently on affected area and leave for 20-30 minutes,3 times/week,Avoid sun exposure after application
130,Skincare,Sensitive Skin,Dry,Hair Shedding; Dark Spots,Rose Water; Turmeric,Mix ingredients into a smooth paste,Apply gently on affected area and leave for 20-30 minutes,2 times/week,Avoid sun exposure after application
131,Haircare,Hair Thinning,Straight,Dark Spots; Roughness,Aloe Vera; Coconut Oil,Mix ingredients into a smooth paste,Apply gently on affected area and leave for 20-30 minutes,Daily,Discontinue if irritation occurs
132,Skincare,Sun Tan,Combination,Itching; Redness,Potato Juice; Coconut Oil,Mix ingredients into a smooth paste,Apply gently on affected area and leave for 20-30 minutes,Daily,Consult dermatologist if severe condition
133,Skincare,Whiteheads,Sensitive,Excess Oil; Breakage,Onion Juice; Honey,Mix ingredients into a smooth paste,Apply gently on affected area and leave for 20-30 minutes,2 times/week,Avoid sun exposure after application
134,Skincare,Rashes,All,Scalp Irritation; Breakage,Rose Water; Banana,Mix ingredients into a smooth paste,Apply gently on affected area and leave for 20-30 minutes,3 times/week,Avoid sun exposure after application
135,Skincare,Sensitive Skin,Combination,Uneven Tone; Dry Texture,Olive Oil; Gram Flour,Mix ingredients into a smooth paste,Apply gently on affected area and leave for 20-30 minutes,3 times/week,Avoid sun exposure after application
136,Skincare,Rashes,Combination,Dry Texture; Scalp Irritation,Rose Water; Aloe Vera,Mix ingredients into a smooth paste,Apply gently on affected area and leave for 20-30 minutes,Weekly,Consult dermatologist if severe condition
137,Skincare,Dry Skin,Normal,Excess Oil; Roughness,Papaya; Olive Oil,Mix ingredients into a smooth paste,Apply gently on affected area and leave for 20-30 minutes,Weekly,Consult dermatologist if severe condition
138,Skincare,Pigmentation,Sensitive,Uneven Tone; Itching,Olive Oil; Egg Yolk,Mix ingredients into a smooth paste,Apply gently on affected area and leave for 20-30 minutes,Alternate days,Do patch test before use
139,Haircare,Oily Scalp,Dry,Scalp Irritation; Dark Spots,Castor Oil; Honey,Mix ingredients into a smooth paste,Apply gently on affected area and leave for 20-30 minutes,Weekly,Discontinue if irritation occurs
140,Haircare,Premature Greying,Curly,Inflammation; Flaky Skin,Turmeric; Multani Mitti,Mix ingredients into a smooth paste,Apply gently on affected area and leave for 20-30 minutes,Weekly,Discontinue if irritation occurs
141,Haircare,Oily Scalp,Normal,Dark Spots; Breakage,Potato Juice; Banana,Mix ingredients into a smooth paste,Apply gently on affected area and leave for 20-30 minutes,Weekly,Consult dermatologist if severe condition
142,Haircare,Premature Greying,Dry,Scalp Irritation; Uneven Tone,Onion Juice; Green Tea,Mix ingredients into a smooth paste,Apply gently on affected area and leave for 20-30 minutes,Daily,Do not apply on open wounds
143,Haircare,Hair Growth,Straight,Dark Spots; Dull Appearance,Yogurt; Curd,Mix ingredients into a smooth paste,Apply gently on affected area and leave for 20-30 minutes,Alternate days,Discontinue if irritation occurs
144,Skincare,Acne,Combination,Dull Appearance; Scalp Irritation,Egg Yolk; Lemon Juice,Mix ingredients into a smooth paste,Apply gently on affected area and leave for 20-30 minutes,Alternate days,Avoid sun exposure after application
145,Skincare,Blackheads,Dry,Dry Texture; Flaky Skin,Fenugreek Seeds; Papaya,Mix ingredients into a smooth paste,Apply gently on affected area and leave for 20-30 minutes,Weekly,Do patch test before use
146,Haircare,Split Ends,All,Redness; Itching,Multani Mitti; Egg Yolk,Mix ingredients into a smooth paste,Apply gently on affected area and leave for 20-30 minutes,Alternate days,Do not apply on open wounds
147,Haircare,Itchy Scalp,Normal,Excess Oil; Dull Appearance,Potato Juice; Curd,Mix ingredients into a smooth paste,Apply gently on affected area and leave for 20-30 minutes,2 times/week,Do patch test before use
148,Skincare,Dry Skin,Sensitive,Breakage; Redness,Castor Oil; Multani Mitti,Mix ingredients into a smooth paste,Apply gently on affected area and leave for 20-30 minutes,Weekly,Do not apply on open wounds
149,Skincare,Dark Circles,Sensitive,Dry Texture; Inflammation,Yogurt; Rose Water,Mix ingredients into a smooth paste,Apply gently on affected area and leave for 20-30 minutes,3 times/week,Consult dermatologist if severe condition
150,Haircare,Itchy Scalp,Oily,Breakage; Dark Spots,Lemon Juice; Yogurt,Mix ingredients into a smooth paste,Apply gently on affected area and leave for 20-30 minutes,3 times/week,Do not apply on open wounds
151,Haircare,Dry Hair,Straight,Dark Spots; Excess Oil,Olive Oil; Lemon Juice,Mix ingredients into a smooth paste,Apply gently on affected area and leave for 20-30 minutes,3 times/week,Do not apply on open wounds
152,Skincare,Sun Tan,All,Dull Appearance; Uneven Tone,Neem Powder; Yogurt,Mix ingredients into a smooth paste,Apply gently on affected area and leave for 20-30 minutes,Daily,Do patch test before use
153,Haircare,Split Ends,Dry,Inflammation; Excess Oil,Coconut Oil; Turmeric,Mix ingredients into a smooth paste,Apply gently on affected area and leave for 20-30 minutes,2 times/week,Consult dermatologist if severe condition
154,Haircare,Hair Thinning,All,Dry Texture; Redness,Coconut Oil; Fenugreek Seeds,Mix ingredients into a smooth paste,Apply gently on affected area and leave for 20-30 minutes,3 times/week,Do patch test before use
155,Skincare,Blackheads,Oily,Dark Spots; Roughness,Honey; Potato Juice,Mix ingredients into a smooth paste,Apply gently on affected area and leave for 20-30 minutes,Daily,Avoid sun exposure after application
156,Skincare,Dull Skin,Sensitive,Breakage; Dark Spots,Yogurt; Turmeric,Mix ingredients into a smooth paste,Apply gently on affected area and leave for 20-30 minutes,Alternate days,Avoid sun exposure after application
157,Haircare,Itchy Scalp,Dry,Uneven Tone; Excess Oil,Castor Oil; Olive Oil,Mix ingredients into a smooth paste,Apply gently on affected area and leave for 20-30 minutes,Weekly,Avoid sun exposure after application
158,Skincare,Wrinkles,Dry,Uneven Tone; Dark Spots,Green Tea; Honey,Mix ingredients into a smooth paste,Apply gently on affected area and leave for 20-30 minutes,Alternate days,Do patch test before use
159,Haircare,Oily Scalp,Dry,Redness; Inflammation,Onion Juice; Olive Oil,Mix ingredients into a smooth paste,Apply gently on affected area and leave for 20-30 minutes,Alternate days,Consult dermatologist if severe condition
160,Skincare,Rashes,Dry,Inflammation; Roughness,Neem Powder; Green Tea,Mix ingredients into a smooth paste,Apply gently on affected area and leave for 20-30 minutes,3 times/week,Do not apply on open wounds
161,Skincare,Sensitive Skin,Sensitive,Excess Oil; Flaky Skin,Rose Water; Fenugreek Seeds,Mix ingredients into a smooth paste,Apply gently on affected area and leave for 20-30 minutes,Weekly,Do patch test before use
162,Haircare,Hair Fall,Curly,Dark Spots; Scalp Irritation,Honey; Lemon Juice,Mix ingredients into a smooth paste,Apply gently on affected area and leave for 20-30 minutes,2 times/week,Avoid sun exposure after application
163,Haircare,Split Ends,Dry,Inflammation; Roughness,Neem Powder; Coconut Oil,Mix ingredients into a smooth paste,Apply gently on affected area and leave for 20-30 minutes,Weekly,Do patch test before use
164,Haircare,Dandruff,All,Excess Oil; Uneven Tone,Neem Powder; Aloe Vera,Mix ingredients into a smooth paste,Apply gently on affected area and leave for 20-30 minutes,Weekly,Consult dermatologist if severe condition
165,Skincare,Acne,Sensitive,Excess Oil; Hair Shedding,Olive Oil; Fenugreek Seeds,Mix ingredients into a smooth paste,Apply gently on affected area and leave for 20-30 minutes,3 times/week,Consult dermatologist if severe condition
166,Skincare,Pigmentation,Combination,Dark Spots; Flaky Skin,Fenugreek Seeds; Banana,Mix ingredients into a smooth paste,Apply gently on affected area and leave for 20-30 minutes,2 times/week,Discontinue if irritation occurs
167,Haircare,Split Ends,Oily,Hair Shedding; Dark Spots,Fenugreek Seeds; Lemon Juice,Mix ingredients into a smooth paste,Apply gently on affected area and leave for 20-30 minutes,Daily,Do not apply on open wounds
168,Skincare,Dry Skin,Combination,Flaky Skin; Roughness,Aloe Vera; Olive Oil,Mix ingredients into a smooth paste,Apply gently on affected area and leave for 20-30 minutes,Daily,Consult dermatologist if severe condition
169,Skincare,Acne,Dry,Roughness; Flaky Skin,Castor Oil; Yogurt,Mix ingredients into a smooth paste,Apply gently on affected area and leave for 20-30 minutes,Alternate days,Do patch test before use
170,Haircare,Dandruff,Curly,Flaky Skin; Itching,Fenugreek Seeds; Gram Flour,Mix ingredients into a smooth paste,Apply gently on affected area and leave for 20-30 minutes,2 times/week,Do patch test before use
171,Skincare,Pigmentation,Dry,Inflammation; Roughness,Gram Flour; Turmeric,Mix ingredients into a smooth paste,Apply gently on affected area and leave for 20-30 minutes,Daily,Discontinue if irritation occurs
172,Haircare,Frizzy Hair,Dry,Breakage; Excess Oil,Rose Water; Olive Oil,Mix ingredients into a smooth paste,Apply gently on affected area and leave for 20-30 minutes,3 times/week,Discontinue if irritation occurs
173,Haircare,Dandruff,Oily,Breakage; Flaky Skin,Honey; Lemon Juice,Mix ingredients into a smooth paste,Apply gently on affected area and leave for 20-30 minutes,2 times/week,Consult dermatologist if severe condition
174,Skincare,Blackheads,Combination,Uneven Tone; Redness,Olive Oil; Coconut Oil,Mix ingredients into a smooth paste,Apply gently on affected area and leave for 20-30 minutes,Daily,Consult dermatologist if severe condition
175,Skincare,Dull Skin,Combination,Excess Oil; Inflammation,Lemon Juice; Aloe Vera,Mix ingredients into a smooth paste,Apply gently on affected area and leave for 20-30 minutes,2 times/week,Discontinue if irritation occurs
176,Skincare,Acne,Normal,Dark Spots; Uneven Tone,Potato Juice; Multani Mitti,Mix ingredients into a smooth paste,Apply gently on affected area and leave for 20-30 minutes,2 times/week,Avoid sun exposure after application
177,Haircare,Hair Fall,Curly,Hair Shedding; Excess Oil,Rose Water; Banana,Mix ingredients into a smooth paste,Apply gently on affected area and leave for 20-30 minutes,Alternate days,Consult dermatologist if severe condition
178,Haircare,Premature Greying,Curly,Uneven Tone; Hair Shedding,Papaya; Honey,Mix ingredients into a smooth paste,Apply gently on affected area and leave for 20-30 minutes,Daily,Do not apply on open wounds
179,Skincare,Rashes,All,Dark Spots; Roughness,Curd; Fenugreek Seeds,Mix ingredients into a smooth paste,Apply gently on affected area and leave for 20-30 minutes,Alternate days,Consult dermatologist if severe condition
180,Haircare,Itchy Scalp,Normal,Breakage; Hair Shedding,Banana; Egg Yolk,Mix ingredients into a smooth paste,Apply gently on affected area and leave for 20-30 minutes,3 times/week,Avoid sun exposure after application
181,Skincare,Blackheads,All,Roughness; Excess Oil,Castor Oil; Banana,Mix ingredients into a smooth paste,Apply gently on affected area and leave for 20-30 minutes,Daily,Consult dermatologist if severe condition
182,Haircare,Hair Growth,All,Roughness; Inflammation,Egg Yolk; Yogurt,Mix ingredients into a smooth paste,Apply gently on affected area and leave for 20-30 minutes,2 times/week,Discontinue if irritation occurs
183,Haircare,Oily Scalp,Dry,Hair Shedding; Dull Appearance,Potato Juice; Gram Flour,Mix ingredients into a smooth paste,Apply gently on affected area and leave for 20-30 minutes,Daily,Do not apply on open wounds
184,Haircare,Itchy Scalp,Oily,Excess Oil; Itching,Multani Mitti; Green Tea,Mix ingredients into a smooth paste,Apply gently on affected area and leave for 20-30 minutes,3 times/week,Consult dermatologist if severe condition
185,Haircare,Itchy Scalp,Oily,Itching; Scalp Irritation,Papaya; Turmeric,Mix ingredients into a smooth paste,Apply gently on affected area and leave for 20-30 minutes,Weekly,Do patch test before use
186,Haircare,Split Ends,Dry,Flaky Skin; Excess Oil,Coconut Oil; Potato Juice,Mix ingredients into a smooth paste,Apply gently on affected area and leave for 20-30 minutes,2 times/week,Do not apply on open wounds
187,Skincare,Sensitive Skin,Dry,Scalp Irritation; Inflammation,Aloe Vera; Curd,Mix ingredients into a smooth paste,Apply gently on affected area and leave for 20-30 minutes,2 times/week,Do patch test before use
188,Haircare,Dry Hair,All,Redness; Excess Oil,Curd; Lemon Juice,Mix ingredients into a smooth paste,Apply gently on affected area and leave for 20-30 minutes,3 times/week,Avoid sun exposure after application
189,Skincare,Blackheads,All,Dark Spots; Inflammation,Yogurt; Olive Oil,Mix ingredients into a smooth paste,Apply gently on affected area and leave for 20-30 minutes,Weekly,Consult dermatologist if severe condition
190,Skincare,Dull Skin,Sensitive,Itching; Breakage,Green Tea; Multani Mitti,Mix ingredients into a smooth paste,Apply gently on affected area and leave for 20-30 minutes,Weekly,Discontinue if irritation occurs
191,Haircare,Hair Growth,Oily,Flaky Skin; Dry Texture,Olive Oil; Aloe Vera,Mix ingredients into a smooth paste,Apply gently on affected area and leave for 20-30 minutes,3 times/week,Consult dermatologist if severe condition
192,Haircare,Split Ends,All,Excess Oil; Redness,Papaya; Turmeric,Mix ingredients into a smooth paste,Apply gently on affected area and leave for 20-30 minutes,3 times/week,Discontinue if irritation occurs
193,Haircare,Split Ends,Normal,Itching; Scalp Irritation,Turmeric; Yogurt,Mix ingredients into a smooth paste,Apply gently on affected area and leave for 20-30 minutes,2 times/week,Do not apply on open wounds
194,Skincare,Wrinkles,Combination,Hair Shedding; Uneven Tone,Fenugreek Seeds; Multani Mitti,Mix ingredients into a smooth paste,Apply gently on affected area and leave for 20-30 minutes,Weekly,Do patch test before use
195,Skincare,Oily Skin,Sensitive,Dry Texture; Roughness,Rose Water; Coconut Oil,Mix ingredients into a smooth paste,Apply gently on affected area and leave for 20-30 minutes,Alternate days,Consult dermatologist if severe condition
196,Haircare,Hair Thinning,Straight,Hair Shedding; Dark Spots,Green Tea; Turmeric,Mix ingredients into a smooth paste,Apply gently on affected area and leave for 20-30 minutes,Weekly,Avoid sun exposure after application
197,Haircare,Hair Thinning,Oily,Uneven Tone; Dark Spots,Rose Water; Curd,Mix ingredients into a smooth paste,Apply gently on affected area and leave for 20-30 minutes,Weekly,Do not apply on open wounds
198,Haircare,Itchy Scalp,Normal,Inflammation; Breakage,Honey; Coconut Oil,Mix ingredients into a smooth paste,Apply gently on affected area and leave for 20-30 minutes,3 times/week,Consult dermatologist if severe condition
199,Skincare,Blackheads,All,Flaky Skin; Dark Spots,Aloe Vera; Potato Juice,Mix ingredients into a smooth paste,Apply gently on affected area and leave for 20-30 minutes,Weekly,Discontinue if irritation occurs
200,Skincare,Wrinkles,Dry,Redness; Flaky Skin,Fenugreek Seeds; Banana,Mix ingredients into a smooth paste,Apply gently on affected area and leave for 20-30 minutes,3 times/week,Do patch test before use
201,Skincare,Pigmentation,Combination,Itching; Excess Oil,Yogurt; Green Tea,Mix ingredients into a smooth paste,Apply gently on affected area and leave for 20-30 minutes,Daily,Do not apply on open wounds
202,Haircare,Oily Scalp,Oily,Itching; Excess Oil,Olive Oil; Curd,Mix ingredients into a smooth paste,Apply gently on affected area and leave for 20-30 minutes,Weekly,Do patch test before use
203,Skincare,Pigmentation,Normal,Inflammation; Uneven Tone,Aloe Vera; Onion Juice,Mix ingredients into a smooth paste,Apply gently on affected area and leave for 20-30 minutes,3 times/week,Consult dermatologist if severe condition
204,Haircare,Frizzy Hair,Oily,Dark Spots; Dry Texture,Castor Oil; Turmeric,Mix ingredients into a smooth paste,Apply gently on affected area and leave for 20-30 minutes,2 times/week,Avoid sun exposure after application
205,Skincare,Oily Skin,All,Hair Shedding; Uneven Tone,Egg Yolk; Onion Juice,Mix ingredients into a smooth paste,Apply gently on affected area and leave for 20-30 minutes,2 times/week,Avoid sun exposure after application
206,Haircare,Itchy Scalp,All,Roughness; Excess Oil,Fenugreek Seeds; Turmeric,Mix ingredients into a smooth paste,Apply gently on affected area and leave for 20-30 minutes,Daily,Consult dermatologist if severe condition
207,Haircare,Hair Fall,All,Inflammation; Excess Oil,Gram Flour; Castor Oil,Mix ingredients into a smooth paste,Apply gently on affected area and leave for 20-30 minutes,3 times/week,Do not apply on open wounds
208,Haircare,Dandruff,Straight,Roughness; Inflammation,Rose Water; Curd,Mix ingredients into a smooth paste,Apply gently on affected area and leave for 20-30 minutes,Daily,Avoid sun exposure after application
209,Haircare,Oily Scalp,Oily,Flaky Skin; Uneven Tone,Potato Juice; Rose Water,Mix ingredients into a smooth paste,Apply gently on affected area and leave for 20-30 minutes,Daily,Consult dermatologist if severe condition
210,Haircare,Hair Fall,Normal,Roughness; Dark Spots,Lemon Juice; Honey,Mix ingredients into a smooth paste,Apply gently on affected area and leave for 20-30 minutes,Alternate days,Do not apply on open wounds
211,Haircare,Dandruff,All,Itching; Dry Texture,Gram Flour; Yogurt,Mix ingredients into a smooth paste,Apply gently on affected area and leave for 20-30 minutes,2 times/week,Do patch test before use
212,Haircare,Premature Greying,All,Uneven Tone; Dry Texture,Rose Water; Yogurt,Mix ingredients into a smooth paste,Apply gently on affected area and leave for 20-30 minutes,2 times/week,Do not apply on open wounds
213,Haircare,Hair Thinning,Curly,Inflammation; Itching,Neem Powder; Banana,Mix ingredients into a smooth paste,Apply gently on affected area and leave for 20-30 minutes,3 times/week,Consult dermatologist if severe condition
214,Haircare,Hair Fall,Oily,Hair Shedding; Breakage,Green Tea; Coconut Oil,Mix ingredients into a smooth paste,Apply gently on affected area and leave for 20-30 minutes,3 times/week,Avoid sun exposure after application
215,Skincare,Oily Skin,Dry,Roughness; Excess Oil,Yogurt; Lemon Juice,Mix ingredients into a smooth paste,Apply gently on affected area and leave for 20-30 minutes,3 times/week,Do patch test before use
216,Skincare,Sensitive Skin,Oily,Dark Spots; Roughness,Honey; Potato Juice,Mix ingredients into a smooth paste,Apply gently on affected area and leave for 20-30 minutes,2 times/week,Avoid sun exposure after application
217,Haircare,Hair Growth,Oily,Flaky Skin; Excess Oil,Neem Powder; Papaya,Mix ingredients into a smooth paste,Apply gently on affected area and leave for 20-30 minutes,Alternate days,Do patch test before use
218,Haircare,Oily Scalp,All,Scalp Irritation; Flaky Skin,Potato Juice; Banana,Mix ingredients into a smooth paste,Apply gently on affected area and leave for 20-30 minutes,2 times/week,Consult dermatologist if severe condition
219,Skincare,Open Pores,Combination,Flaky Skin; Excess Oil,Rose Water; Castor Oil,Mix ingredients into a smooth paste,Apply gently on affected area and leave for 20-30 minutes,2 times/week,Consult dermatologist if severe condition
220,Haircare,Oily Scalp,Dry,Breakage; Flaky Skin,Potato Juice; Rose Water,Mix ingredients into a smooth paste,Apply gently on affected area and leave for 20-30 minutes,3 times/week,Do patch test before use
221,Haircare,Frizzy Hair,Normal,Dull Appearance; Breakage,Honey; Banana,Mix ingredients into a smooth paste,Apply gently on affected area and leave for 20-30 minutes,Alternate days,Do not apply on open wounds
222,Skincare,Sensitive Skin,Dry,Itching; Breakage,Yogurt; Egg Yolk,Mix ingredients into a smooth paste,Apply gently on affected area and leave for 20-30 minutes,2 times/week,Discontinue if irritation occurs
223,Skincare,Blackheads,Sensitive,Excess Oil; Roughness,Rose Water; Coconut Oil,Mix ingredients into a smooth paste,Apply gently on affected area and leave for 20-30 minutes,3 times/week,Consult dermatologist if severe condition
224,Skincare,Open Pores,Oily,Dry Texture; Breakage,Banana; Green Tea,Mix ingredients into a smooth paste,Apply gently on affected area and leave for 20-30 minutes,Daily,Do not apply on open wounds
225,Skincare,Dark Circles,Combination,Dry Texture; Dull Appearance,Potato Juice; Aloe Vera,Mix ingredients into a smooth paste,Apply gently on affected area and leave for 20-30 minutes,3 times/week,Discontinue if irritation occurs
226,Skincare,Rashes,Sensitive,Dull Appearance; Hair Shedding,Lemon Juice; Olive Oil,Mix ingredients into a smooth paste,Apply gently on affected area and leave for 20-30 minutes,2 times/week,Avoid sun exposure after application
227,Skincare,Open Pores,Dry,Scalp Irritation; Dark Spots,Yogurt; Castor Oil,Mix ingredients into a smooth paste,Apply gently on affected area and leave for 20-30 minutes,2 times/week,Discontinue if irritation occurs
228,Skincare,Dry Skin,Sensitive,Breakage; Itching,Gram Flour; Curd,Mix ingredients into a smooth paste,Apply gently on affected area and leave for 20-30 minutes,Weekly,Discontinue if irritation occurs
229,Haircare,Hair Growth,Normal,Dry Texture; Excess Oil,Egg Yolk; Fenugreek Seeds,Mix ingredients into a smooth paste,Apply gently on affected area and leave for 20-30 minutes,Daily,Do not apply on open wounds
230,Haircare,Split Ends,Normal,Inflammation; Excess Oil,Neem Powder; Potato Juice,Mix ingredients into a smooth paste,Apply gently on affected area and leave for 20-30 minutes,3 times/week,Do patch test before use
231,Haircare,Frizzy Hair,Oily,Redness; Dark Spots,Green Tea; Fenugreek Seeds,Mix ingredients into a smooth paste,Apply gently on affected area and leave for 20-30 minutes,3 times/week,Discontinue if irritation occurs
232,Skincare,Wrinkles,Sensitive,Inflammation; Scalp Irritation,Turmeric; Papaya,Mix ingredients into a smooth paste,Apply gently on affected area and leave for 20-30 minutes,Alternate days,Avoid sun exposure after application
233,Haircare,Dry Hair,Curly,Uneven Tone; Inflammation,Banana; Fenugreek Seeds,Mix ingredients into a smooth paste,Apply gently on affected area and leave for 20-30 minutes,Daily,Do not apply on open wounds
234,Skincare,Dry Skin,Normal,Inflammation; Uneven Tone,Coconut Oil; Onion Juice,Mix ingredients into a smooth paste,Apply gently on affected area and leave for 20-30 minutes,3 times/week,Do patch test before use
235,Haircare,Itchy Scalp,Curly,Roughness; Uneven Tone,Honey; Gram Flour,Mix ingredients into a smooth paste,Apply gently on affected area and leave for 20-30 minutes,3 times/week,Discontinue if irritation occurs
236,Haircare,Hair Fall,Straight,Itching; Excess Oil,Aloe Vera; Papaya,Mix ingredients into a smooth paste,Apply gently on affected area and leave for 20-30 minutes,3 times/week,Do not apply on open wounds
237,Haircare,Dry Hair,All,Hair Shedding; Inflammation,Egg Yolk; Green Tea,Mix ingredients into a smooth paste,Apply gently on affected area and leave for 20-30 minutes,Alternate days,Do not apply on open wounds
238,Haircare,Frizzy Hair,Oily,Breakage; Roughness,Papaya; Banana,Mix ingredients into a smooth paste,Apply gently on affected area and leave for 20-30 minutes,Daily,Discontinue if irritation occurs
239,Skincare,Sensitive Skin,Oily,Redness; Roughness,Multani Mitti; Coconut Oil,Mix ingredients into a smooth paste,Apply gently on affected area and leave for 20-30 minutes,Daily,Discontinue if irritation occurs
240,Skincare,Whiteheads,Combination,Uneven Tone; Scalp Irritation,Potato Juice; Olive Oil,Mix ingredients into a smooth paste,Apply gently on affected area and leave for 20-30 minutes,Weekly,Discontinue if irritation occurs
241,Skincare,Dark Circles,Sensitive,Uneven Tone; Inflammation,Coconut Oil; Egg Yolk,Mix ingredients into a smooth paste,Apply gently on affected area and leave for 20-30 minutes,Daily,Discontinue if irritation occurs
242,Haircare,Hair Fall,Curly,Roughness; Dark Spots,Neem Powder; Lemon Juice,Mix ingredients into a smooth paste,Apply gently on affected area and leave for 20-30 minutes,3 times/week,Do patch test before use
243,Haircare,Oily Scalp,Curly,Redness; Scalp Irritation,Potato Juice; Turmeric,Mix ingredients into a smooth paste,Apply gently on affected area and leave for 20-30 minutes,3 times/week,Discontinue if irritation occurs
244,Skincare,Dry Skin,Normal,Dry Texture; Uneven Tone,Turmeric; Aloe Vera,Mix ingredients into a smooth paste,Apply gently on affected area and leave for 20-30 minutes,Weekly,Discontinue if irritation occurs
245,Haircare,Hair Thinning,Normal,Inflammation; Dull Appearance,Rose Water; Onion Juice,Mix ingredients into a smooth paste,Apply gently on affected area and leave for 20-30 minutes,Daily,Discontinue if irritation occurs
246,Skincare,Sun Tan,Normal,Redness; Excess Oil,Green Tea; Gram Flour,Mix ingredients into a smooth paste,Apply gently on affected area and leave for 20-30 minutes,2 times/week,Consult dermatologist if severe condition
247,Skincare,Dull Skin,Oily,Redness; Excess Oil,Onion Juice; Olive Oil,Mix ingredients into a smooth paste,Apply gently on affected area and leave for 20-30 minutes,2 times/week,Avoid sun exposure after application
248,Haircare,Hair Thinning,All,Roughness; Dry Texture,Olive Oil; Onion Juice,Mix ingredients into a smooth paste,Apply gently on affected area and leave for 20-30 minutes,2 times/week,Avoid sun exposure after application
249,Haircare,Hair Thinning,Curly,Breakage; Scalp Irritation,Coconut Oil; Green Tea,Mix ingredients into a smooth paste,Apply gently on affected area and leave for 20-30 minutes,Alternate days,Do not apply on open wounds
250,Haircare,Dry Hair,Dry,Itching; Dark Spots,Banana; Egg Yolk,Mix ingredients into a smooth paste,Apply gently on affected area and leave for 20-30 minutes,Daily,Do patch test before use
251,Skincare,Sensitive Skin,Combination,Itching; Flaky Skin,Onion Juice; Aloe Vera,Mix ingredients into a smooth paste,Apply gently on affected area and leave for 20-30 minutes,3 times/week,Avoid sun exposure after application
252,Haircare,Dry Hair,Normal,Dark Spots; Roughness,Rose Water; Egg Yolk,Mix ingredients into a smooth paste,Apply gently on affected area and leave for 20-30 minutes,Weekly,Consult dermatologist if severe condition
253,Haircare,Oily Scalp,Straight,Uneven Tone; Inflammation,Yogurt; Onion Juice,Mix ingredients into a smooth paste,Apply gently on affected area and leave for 20-30 minutes,Daily,Do not apply on open wounds
254,Haircare,Split Ends,Curly,Uneven Tone; Inflammation,Coconut Oil; Aloe Vera,Mix ingredients into a smooth paste,Apply gently on affected area and leave for 20-30 minutes,Weekly,Consult dermatologist if severe condition
255,Haircare,Split Ends,Oily,Dry Texture; Inflammation,Gram Flour; Castor Oil,Mix ingredients into a smooth paste,Apply gently on affected area and leave for 20-30 minutes,2 times/week,Discontinue if irritation occurs
256,Skincare,Pigmentation,All,Roughness; Redness,Onion Juice; Curd,Mix ingredients into a smooth paste,Apply gently on affected area and leave for 20-30 minutes,3 times/week,Do patch test before use
257,Skincare,Acne,Dry,Dull Appearance; Breakage,Multani Mitti; Honey,Mix ingredients into a smooth paste,Apply gently on affected area and leave for 20-30 minutes,3 times/week,Do patch test before use
258,Haircare,Hair Growth,Oily,Dark Spots; Redness,Fenugreek Seeds; Green Tea,Mix ingredients into a smooth paste,Apply gently on affected area and leave for 20-30 minutes,Weekly,Do patch test before use
259,Haircare,Frizzy Hair,Normal,Excess Oil; Scalp Irritation,Coconut Oil; Potato Juice,Mix ingredients into a smooth paste,Apply gently on affected area and leave for 20-30 minutes,3 times/week,Do patch test before use
260,Skincare,Wrinkles,Normal,Dull Appearance; Excess Oil,Fenugreek Seeds; Olive Oil,Mix ingredients into a smooth paste,Apply gently on affected area and leave for 20-30 minutes,Daily,Consult dermatologist if severe condition
261,Haircare,Hair Fall,Oily,Flaky Skin; Dull Appearance,Neem Powder; Egg Yolk,Mix ingredients into a smooth paste,Apply gently on affected area and leave for 20-30 minutes,2 times/week,Do not apply on open wounds
262,Haircare,Premature Greying,Straight,Scalp Irritation; Uneven Tone,Banana; Curd,Mix ingredients into a smooth paste,Apply gently on affected area and leave for 20-30 minutes,Daily,Do not apply on open wounds
263,Haircare,Oily Scalp,Normal,Breakage; Scalp Irritation,Turmeric; Castor Oil,Mix ingredients into a smooth paste,Apply gently on affected area and leave for 20-30 minutes,2 times/week,Discontinue if irritation occurs
264,Skincare,Sun Tan,Normal,Inflammation; Excess Oil,Aloe Vera; Egg Yolk,Mix ingredients into a smooth paste,Apply gently on affected area and leave for 20-30 minutes,2 times/week,Do patch test before use
265,Skincare,Open Pores,Combination,Dry Texture; Dull Appearance,Yogurt; Banana,Mix ingredients into a smooth paste,Apply gently on affected area and leave for 20-30 minutes,Daily,Avoid sun exposure after application
266,Haircare,Hair Thinning,Dry,Excess Oil; Dark Spots,Yogurt; Curd,Mix ingredients into a smooth paste,Apply gently on affected area and leave for 20-30 minutes,3 times/week,Consult dermatologist if severe condition
267,Skincare,Open Pores,All,Redness; Roughness,Turmeric; Egg Yolk,Mix ingredients into a smooth paste,Apply gently on affected area and leave for 20-30 minutes,Alternate days,Do not apply on open wounds
268,Skincare,Sensitive Skin,All,Dry Texture; Breakage,Papaya; Yogurt,Mix ingredients into a smooth paste,Apply gently on affected area and leave for 20-30 minutes,Weekly,Discontinue if irritation occurs
269,Haircare,Hair Thinning,Oily,Dull Appearance; Roughness,Turmeric; Curd,Mix ingredients into a smooth paste,Apply gently on affected area and leave for 20-30 minutes,2 times/week,Avoid sun exposure after application
270,Haircare,Hair Growth,Curly,Scalp Irritation; Breakage,Egg Yolk; Papaya,Mix ingredients into a smooth paste,Apply gently on affected area and leave for 20-30 minutes,3 times/week,Avoid sun exposure after application
271,Skincare,Pigmentation,Oily,Redness; Itching,Onion Juice; Rose Water,Mix ingredients into a smooth paste,Apply gently on affected area and leave for 20-30 minutes,Alternate days,Do not apply on open wounds
272,Haircare,Split Ends,Oily,Hair Shedding; Scalp Irritation,Potato Juice; Honey,Mix ingredients into a smooth paste,Apply gently on affected area and leave for 20-30 minutes,Alternate days,Do not apply on open wounds
273,Haircare,Premature Greying,Normal,Flaky Skin; Hair Shedding,Egg Yolk; Banana,Mix ingredients into a smooth paste,Apply gently on affected area and leave for 20-30 minutes,2 times/week,Consult dermatologist if severe condition
274,Skincare,Wrinkles,Combination,Itching; Redness,Neem Powder; Egg Yolk,Mix ingredients into a smooth paste,Apply gently on affected area and leave for 20-30 minutes,Alternate days,Do patch test before use
275,Haircare,Hair Growth,Oily,Breakage; Inflammation,Neem Powder; Onion Juice,Mix ingredients into a smooth paste,Apply gently on affected area and leave for 20-30 minutes,3 times/week,Consult dermatologist if severe condition
276,Skincare,Rashes,Normal,Hair Shedding; Dull Appearance,Onion Juice; Rose Water,Mix ingredients into a smooth paste,Apply gently on affected area and leave for 20-30 minutes,2 times/week,Discontinue if irritation occurs
277,Skincare,Sun Tan,Combination,Hair Shedding; Roughness,Turmeric; Curd,Mix ingredients into a smooth paste,Apply gently on affected area and leave for 20-30 minutes,3 times/week,Avoid sun exposure after application
278,Haircare,Hair Growth,Normal,Uneven Tone; Dull Appearance,Multani Mitti; Fenugreek Seeds,Mix ingredients into a smooth paste,Apply gently on affected area and leave for 20-30 minutes,3 times/week,Avoid sun exposure after application
279,Haircare,Itchy Scalp,Curly,Redness; Breakage,Aloe Vera; Curd,Mix ingredients into a smooth paste,Apply gently on affected area and leave for 20-30 minutes,Daily,Do not apply on open wounds
280,Haircare,Hair Growth,Normal,Itching; Uneven Tone,Castor Oil; Papaya,Mix ingredients into a smooth paste,Apply gently on affected area and leave for 20-30 minutes,3 times/week,Avoid sun exposure after application
281,Skincare,Rashes,Oily,Excess Oil; Scalp Irritation,Onion Juice; Neem Powder,Mix ingredients into a smooth paste,Apply gently on affected area and leave for 20-30 minutes,Daily,Avoid sun exposure after application
282,Skincare,Dull Skin,Combination,Roughness; Dark Spots,Banana; Neem Powder,Mix ingredients into a smooth paste,Apply gently on affected area and leave for 20-30 minutes,3 times/week,Do patch test before use
283,Skincare,Dull Skin,Normal,Dark Spots; Uneven Tone,Onion Juice; Turmeric,Mix ingredients into a smooth paste,Apply gently on affected area and leave for 20-30 minutes,2 times/week,Do not apply on open wounds
284,Skincare,Pigmentation,All,Excess Oil; Dull Appearance,Papaya; Multani Mitti,Mix ingredients into a smooth paste,Apply gently on affected area and leave for 20-30 minutes,2 times/week,Avoid sun exposure after application
285,Skincare,Dark Circles,Dry,Hair Shedding; Dark Spots,Multani Mitti; Coconut Oil,Mix ingredients into a smooth paste,Apply gently on affected area and leave for 20-30 minutes,Alternate days,Do not apply on open wounds
286,Skincare,Sensitive Skin,All,Hair Shedding; Dull Appearance,Olive Oil; Gram Flour,Mix ingredients into a smooth paste,Apply gently on affected area and leave for 20-30 minutes,Weekly,Do patch test before use
287,Haircare,Frizzy Hair,All,Hair Shedding; Roughness,Coconut Oil; Aloe Vera,Mix ingredients into a smooth paste,Apply gently on affected area and leave for 20-30 minutes,3 times/week,Do not apply on open wounds
288,Haircare,Hair Thinning,Oily,Hair Shedding; Dry Texture,Honey; Multani Mitti,Mix ingredients into a smooth paste,Apply gently on affected area and leave for 20-30 minutes,3 times/week,Consult dermatologist if severe condition
289,Haircare,Hair Growth,Dry,Excess Oil; Dull Appearance,Onion Juice; Papaya,Mix ingredients into a smooth paste,Apply gently on affected area and leave for 20-30 minutes,Alternate days,Do patch test before use
290,Haircare,Dry Hair,Normal,Itching; Redness,Gram Flour; Fenugreek Seeds,Mix ingredients into a smooth paste,Apply gently on affected area and leave for 20-30 minutes,Alternate days,Discontinue if irritation occurs
291,Haircare,Hair Thinning,Curly,Itching; Flaky Skin,Olive Oil; Castor Oil,Mix ingredients into a smooth paste,Apply gently on affected area and leave for 20-30 minutes,Daily,Avoid sun exposure after application
292,Skincare,Dark Circles,Oily,Inflammation; Dark Spots,Lemon Juice; Potato Juice,Mix ingredients into a smooth paste,Apply gently on affected area and leave for 20-30 minutes,Weekly,Consult dermatologist if severe condition
293,Skincare,Sun Tan,Dry,Flaky Skin; Breakage,Fenugreek Seeds; Neem Powder,Mix ingredients into a smooth paste,Apply gently on affected area and leave for 20-30 minutes,Weekly,Do not apply on open wounds
294,Haircare,Hair Growth,Straight,Inflammation; Dull Appearance,Egg Yolk; Neem Powder,Mix ingredients into a smooth paste,Apply gently on affected area and leave for 20-30 minutes,Alternate days,Avoid sun exposure after application
295,Skincare,Dark Circles,All,Itching; Scalp Irritation,Green Tea; Castor Oil,Mix ingredients into a smooth paste,Apply gently on affected area and leave for 20-30 minutes,Alternate days,Avoid sun exposure after application
296,Haircare,Hair Growth,Dry,Uneven Tone; Dark Spots,Curd; Egg Yolk,Mix ingredients into a smooth paste,Apply gently on affected area and leave for 20-30 minutes,3 times/week,Do patch test before use
297,Haircare,Hair Thinning,Normal,Dull Appearance; Excess Oil,Banana; Curd,Mix ingredients into a smooth paste,Apply gently on affected area and leave for 20-30 minutes,Alternate days,Do not apply on open wounds
298,Haircare,Premature Greying,Normal,Redness; Excess Oil,Honey; Gram Flour,Mix ingredients into a smooth paste,Apply gently on affected area and leave for 20-30 minutes,Alternate days,Avoid sun exposure after application
299,Haircare,Dandruff,Curly,Dark Spots; Roughness,Papaya; Honey,Mix ingredients into a smooth paste,Apply gently on affected area and leave for 20-30 minutes,Weekly,Do patch test before use
300,Haircare,Hair Growth,Straight,Redness; Dull Appearance,Multani Mitti; Rose Water,Mix ingredients into a smooth paste,Apply gently on affected area and leave for 20-30 minutes,2 times/week,Do not apply on open wounds
301,Haircare,Hair Growth,All,Excess Oil; Inflammation,Aloe Vera; Yogurt,Mix ingredients into a smooth paste,Apply gently on affected area and leave for 20-30 minutes,Daily,Do patch test before use
302,Haircare,Hair Thinning,Curly,Excess Oil; Inflammation,Onion Juice; Coconut Oil,Mix ingredients into a smooth paste,Apply gently on affected area and leave for 20-30 minutes,Alternate days,Do not apply on open wounds
303,Haircare,Split Ends,All,Itching; Flaky Skin,Curd; Olive Oil,Mix ingredients into a smooth paste,Apply gently on affected area and leave for 20-30 minutes,2 times/week,Do not apply on open wounds
304,Skincare,Dark Circles,Combination,Dark Spots; Scalp Irritation,Lemon Juice; Turmeric,Mix ingredients into a smooth paste,Apply gently on affected area and leave for 20-30 minutes,Alternate days,Consult dermatologist if severe condition
305,Skincare,Dark Circles,Sensitive,Dry Texture; Breakage,Aloe Vera; Turmeric,Mix ingredients into a smooth paste,Apply gently on affected area and leave for 20-30 minutes,3 times/week,Consult dermatologist if severe condition
306,Skincare,Oily Skin,Dry,Excess Oil; Dull Appearance,Fenugreek Seeds; Gram Flour,Mix ingredients into a smooth paste,Apply gently on affected area and leave for 20-30 minutes,Daily,Do not apply on open wounds
307,Skincare,Blackheads,Oily,Inflammation; Roughness,Coconut Oil; Banana,Mix ingredients into a smooth paste,Apply gently on affected area and leave for 20-30 minutes,Daily,Avoid sun exposure after application
308,Haircare,Dandruff,All,Itching; Dull Appearance,Multani Mitti; Onion Juice,Mix ingredients into a smooth paste,Apply gently on affected area and leave for 20-30 minutes,Weekly,Avoid sun exposure after application
309,Haircare,Hair Fall,Curly,Dull Appearance; Excess Oil,Onion Juice; Green Tea,Mix ingredients into a smooth paste,Apply gently on affected area and leave for 20-30 minutes,Alternate days,Do not apply on open wounds
310,Haircare,Dry Hair,Normal,Inflammation; Itching,Banana; Rose Water,Mix ingredients into a smooth paste,Apply gently on affected area and leave for 20-30 minutes,Daily,Do patch test before use
311,Skincare,Dull Skin,Dry,Dark Spots; Redness,Egg Yolk; Yogurt,Mix ingredients into a smooth paste,Apply gently on affected area and leave for 20-30 minutes,Weekly,Avoid sun exposure after application
312,Skincare,Sensitive Skin,All,Redness; Uneven Tone,Egg Yolk; Multani Mitti,Mix ingredients into a smooth paste,Apply gently on affected area and leave for 20-30 minutes,2 times/week,Do not apply on open wounds
313,Haircare,Oily Scalp,Normal,Redness; Excess Oil,Aloe Vera; Onion Juice,Mix ingredients into a smooth paste,Apply gently on affected area and leave for 20-30 minutes,3 times/week,Avoid sun exposure after application
314,Haircare,Oily Scalp,Straight,Redness; Dry Texture,Potato Juice; Yogurt,Mix ingredients into a smooth paste,Apply gently on affected area and leave for 20-30 minutes,3 times/week,Do not apply on open wounds
315,Skincare,Wrinkles,Sensitive,Scalp Irritation; Dull Appearance,Aloe Vera; Coconut Oil,Mix ingredients into a smooth paste,Apply gently on affected area and leave for 20-30 minutes,Daily,Do patch test before use
316,Haircare,Split Ends,Oily,Excess Oil; Redness,Papaya; Honey,Mix ingredients into a smooth paste,Apply gently on affected area and leave for 20-30 minutes,Daily,Discontinue if irritation occurs
317,Skincare,Dull Skin,Sensitive,Inflammation; Roughness,Green Tea; Rose Water,Mix ingredients into a smooth paste,Apply gently on affected area and leave for 20-30 minutes,Alternate days,Discontinue if irritation occurs
318,Skincare,Whiteheads,Sensitive,Dark Spots; Scalp Irritation,Coconut Oil; Green Tea,Mix ingredients into a smooth paste,Apply gently on affected area and leave for 20-30 minutes,Alternate days,Avoid sun exposure after application
319,Skincare,Open Pores,Dry,Hair Shedding; Uneven Tone,Lemon Juice; Egg Yolk,Mix ingredients into a smooth paste,Apply gently on affected area and leave for 20-30 minutes,3 times/week,Avoid sun exposure after application
320,Skincare,Rashes,Combination,Breakage; Roughness,Olive Oil; Fenugreek Seeds,Mix ingredients into a smooth paste,Apply gently on affected area and leave for 20-30 minutes,Alternate days,Discontinue if irritation occurs
321,Haircare,Split Ends,Oily,Roughness; Inflammation,Olive Oil; Banana,Mix ingredients into a smooth paste,Apply gently on affected area and leave for 20-30 minutes,Weekly,Avoid sun exposure after application
322,Skincare,Dry Skin,Dry,Dull Appearance; Scalp Irritation,Banana; Neem Powder,Mix ingredients into a smooth paste,Apply gently on affected area and leave for 20-30 minutes,Daily,Avoid sun exposure after application
323,Skincare,Dark Circles,Sensitive,Itching; Roughness,Papaya; Rose Water,Mix ingredients into a smooth paste,Apply gently on affected area and leave for 20-30 minutes,Alternate days,Do patch test before use
324,Haircare,Frizzy Hair,Curly,Redness; Scalp Irritation,Castor Oil; Egg Yolk,Mix ingredients into a smooth paste,Apply gently on affected area and leave for 20-30 minutes,Alternate days,Do patch test before use
325,Haircare,Oily Scalp,Straight,Scalp Irritation; Hair Shedding,Neem Powder; Rose Water,Mix ingredients into a smooth paste,Apply gently on affected area and leave for 20-30 minutes,2 times/week,Do patch test before use
326,Skincare,Open Pores,Oily,Roughness; Redness,Honey; Papaya,Mix ingredients into a smooth paste,Apply gently on affected area and leave for 20-30 minutes,3 times/week,Consult dermatologist if severe condition
327,Haircare,Split Ends,Normal,Dark Spots; Flaky Skin,Honey; Potato Juice,Mix ingredients into a smooth paste,Apply gently on affected area and leave for 20-30 minutes,Alternate days,Avoid sun exposure after application
328,Haircare,Dandruff,Oily,Redness; Dull Appearance,Rose Water; Egg Yolk,Mix ingredients into a smooth paste,Apply gently on affected area and leave for 20-30 minutes,Daily,Avoid sun exposure after application
329,Skincare,Open Pores,Sensitive,Redness; Breakage,Fenugreek Seeds; Gram Flour,Mix ingredients into a smooth paste,Apply gently on affected area and leave for 20-30 minutes,Daily,Do patch test before use
330,Haircare,Dry Hair,Straight,Inflammation; Redness,Egg Yolk; Castor Oil,Mix ingredients into a smooth paste,Apply gently on affected area and leave for 20-30 minutes,Daily,Discontinue if irritation occurs
331,Haircare,Itchy Scalp,Oily,Hair Shedding; Uneven Tone,Egg Yolk; Olive Oil,Mix ingredients into a smooth paste,Apply gently on affected area and leave for 20-30 minutes,Weekly,Do patch test before use
332,Skincare,Sun Tan,All,Dry Texture; Excess Oil,Neem Powder; Coconut Oil,Mix ingredients into a smooth paste,Apply gently on affected area and leave for 20-30 minutes,3 times/week,Avoid sun exposure after application
333,Skincare,Dull Skin,Sensitive,Breakage; Redness,Fenugreek Seeds; Egg Yolk,Mix ingredients into a smooth paste,Apply gently on affected area and leave for 20-30 minutes,3 times/week,Discontinue if irritation occurs
334,Skincare,Dull Skin,Combination,Flaky Skin; Dry Texture,Banana; Coconut Oil,Mix ingredients into a smooth paste,Apply gently on affected area and leave for 20-30 minutes,Alternate days,Discontinue if irritation occurs
335,Skincare,Pigmentation,Oily,Roughness; Breakage,Green Tea; Lemon Juice,Mix ingredients into a smooth paste,Apply gently on affected area and leave for 20-30 minutes,Alternate days,Do not apply on open wounds
336,Skincare,Whiteheads,Oily,Hair Shedding; Dark Spots,Rose Water; Yogurt,Mix ingredients into a smooth paste,Apply gently on affected area and leave for 20-30 minutes,Weekly,Do patch test before use
337,Haircare,Oily Scalp,Curly,Uneven Tone; Roughness,Fenugreek Seeds; Honey,Mix ingredients into a smooth paste,Apply gently on affected area and leave for 20-30 minutes,Alternate days,Do not apply on open wounds
338,Skincare,Wrinkles,Dry,Itching; Uneven Tone,Neem Powder; Multani Mitti,Mix ingredients into a smooth paste,Apply gently on affected area and leave for 20-30 minutes,3 times/week,Consult dermatologist if severe condition
339,Skincare,Dry Skin,Combination,Scalp Irritation; Dull Appearance,Coconut Oil; Papaya,Mix ingredients into a smooth paste,Apply gently on affected area and leave for 20-30 minutes,Weekly,Consult dermatologist if severe condition
340,Skincare,Rashes,Normal,Dull Appearance; Flaky Skin,Honey; Curd,Mix ingredients into a smooth paste,Apply gently on affected area and leave for 20-30 minutes,Daily,Consult dermatologist if severe condition
341,Haircare,Dandruff,All,Dark Spots; Breakage,Honey; Aloe Vera,Mix ingredients into a smooth paste,Apply gently on affected area and leave for 20-30 minutes,Alternate days,Consult dermatologist if severe condition
342,Skincare,Pigmentation,Combination,Dark Spots; Scalp Irritation,Castor Oil; Green Tea,Mix ingredients into a smooth paste,Apply gently on affected area and leave for 20-30 minutes,3 times/week,Do not apply on open wounds
343,Haircare,Frizzy Hair,Normal,Uneven Tone; Itching,Castor Oil; Banana,Mix ingredients into a smooth paste,Apply gently on affected area and leave for 20-30 minutes,Weekly,Do patch test before use
344,Skincare,Dry Skin,Oily,Uneven Tone; Itching,Coconut Oil; Honey,Mix ingredients into a smooth paste,Apply gently on affected area and leave for 20-30 minutes,Weekly,Do patch test before use
345,Haircare,Oily Scalp,Straight,Redness; Inflammation,Egg Yolk; Lemon Juice,Mix ingredients into a smooth paste,Apply gently on affected area and leave for 20-30 minutes,3 times/week,Avoid sun exposure after application
346,Haircare,Hair Fall,Curly,Breakage; Dull Appearance,Gram Flour; Yogurt,Mix ingredients into a smooth paste,Apply gently on affected area and leave for 20-30 minutes,Alternate days,Discontinue if irritation occurs
347,Skincare,Sun Tan,Oily,Dull Appearance; Flaky Skin,Castor Oil; Fenugreek Seeds,Mix ingredients into a smooth paste,Apply gently on affected area and leave for 20-30 minutes,2 times/week,Consult dermatologist if severe condition
348,Skincare,Acne,Dry,Uneven Tone; Itching,Aloe Vera; Turmeric,Mix ingredients into a smooth paste,Apply gently on affected area and leave for 20-30 minutes,2 times/week,Do patch test before use
349,Skincare,Oily Skin,Oily,Scalp Irritation; Roughness,Coconut Oil; Olive Oil,Mix ingredients into a smooth paste,Apply gently on affected area and leave for 20-30 minutes,Weekly,Discontinue if irritation occurs
350,Haircare,Split Ends,Normal,Hair Shedding; Breakage,Lemon Juice; Castor Oil,Mix ingredients into a smooth paste,Apply gently on affected area and leave for 20-30 minutes,Weekly,Discontinue if irritation occurs
351,Haircare,Split Ends,All,Hair Shedding; Dull Appearance,Olive Oil; Fenugreek Seeds,Mix ingredients into a smooth paste,Apply gently on affected area and leave for 20-30 minutes,3 times/week,Do not apply on open wounds
352,Skincare,Dull Skin,Normal,Flaky Skin; Redness,Honey; Green Tea,Mix ingredients into a smooth paste,Apply gently on affected area and leave for 20-30 minutes,Weekly,Do not apply on open wounds
353,Haircare,Dry Hair,All,Inflammation; Dark Spots,Banana; Potato Juice,Mix ingredients into a smooth paste,Apply gently on affected area and leave for 20-30 minutes,Weekly,Consult dermatologist if severe condition
354,Skincare,Open Pores,Sensitive,Breakage; Redness,Coconut Oil; Neem Powder,Mix ingredients into a smooth paste,Apply gently on affected area and leave for 20-30 minutes,Alternate days,Consult dermatologist if severe condition
355,Haircare,Premature Greying,Oily,Redness; Uneven Tone,Yogurt; Rose Water,Mix ingredients into a smooth paste,Apply gently on affected area and leave for 20-30 minutes,Weekly,Do not apply on open wounds
356,Skincare,Pigmentation,Sensitive,Scalp Irritation; Excess Oil,Curd; Honey,Mix ingredients into a smooth paste,Apply gently on affected area and leave for 20-30 minutes,2 times/week,Do not apply on open wounds
357,Skincare,Dry Skin,Dry,Itching; Breakage,Lemon Juice; Fenugreek Seeds,Mix ingredients into a smooth paste,Apply gently on affected area and leave for 20-30 minutes,3 times/week,Do not apply on open wounds
358,Skincare,Blackheads,Sensitive,Dark Spots; Itching,Coconut Oil; Onion Juice,Mix ingredients into a smooth paste,Apply gently on affected area and leave for 20-30 minutes,Alternate days,Avoid sun exposure after application
359,Skincare,Dark Circles,Oily,Dry Texture; Flaky Skin,Coconut Oil; Aloe Vera,Mix ingredients into a smooth paste,Apply gently on affected area and leave for 20-30 minutes,Weekly,Do not apply on open wounds
360,Skincare,Rashes,Sensitive,Roughness; Dark Spots,Neem Powder; Papaya,Mix ingredients into a smooth paste,Apply gently on affected area and leave for 20-30 minutes,Daily,Consult dermatologist if severe condition
361,Skincare,Whiteheads,Sensitive,Redness; Uneven Tone,Potato Juice; Rose Water,Mix ingredients into a smooth paste,Apply gently on affected area and leave for 20-30 minutes,3 times/week,Do not apply on open wounds
362,Skincare,Sensitive Skin,Oily,Excess Oil; Dry Texture,Curd; Fenugreek Seeds,Mix ingredients into a smooth paste,Apply gently on affected area and leave for 20-30 minutes,Daily,Do not apply on open wounds
363,Haircare,Hair Fall,Curly,Breakage; Dry Texture,Papaya; Onion Juice,Mix ingredients into a smooth paste,Apply gently on affected area and leave for 20-30 minutes,3 times/week,Do not apply on open wounds
364,Haircare,Hair Fall,Straight,Excess Oil; Breakage,Lemon Juice; Onion Juice,Mix ingredients into a smooth paste,Apply gently on affected area and leave for 20-30 minutes,Weekly,Consult dermatologist if severe condition
365,Haircare,Hair Fall,Oily,Roughness; Dry Texture,Egg Yolk; Gram Flour,Mix ingredients into a smooth paste,Apply gently on affected area and leave for 20-30 minutes,3 times/week,Do patch test before use
366,Skincare,Dull Skin,All,Itching; Breakage,Yogurt; Olive Oil,Mix ingredients into a smooth paste,Apply gently on affected area and leave for 20-30 minutes,Alternate days,Do patch test before use
367,Skincare,Blackheads,Dry,Breakage; Redness,Onion Juice; Neem Powder,Mix ingredients into a smooth paste,Apply gently on affected area and leave for 20-30 minutes,Weekly,Do patch test before use
368,Skincare,Dark Circles,Normal,Dark Spots; Dull Appearance,Coconut Oil; Fenugreek Seeds,Mix ingredients into a smooth paste,Apply gently on affected area and leave for 20-30 minutes,Weekly,Do patch test before use
369,Haircare,Dandruff,Curly,Breakage; Itching,Aloe Vera; Green Tea,Mix ingredients into a smooth paste,Apply gently on affected area and leave for 20-30 minutes,Weekly,Discontinue if irritation occurs
370,Haircare,Hair Fall,All,Dry Texture; Breakage,Onion Juice; Neem Powder,Mix ingredients into a smooth paste,Apply gently on affected area and leave for 20-30 minutes,2 times/week,Do not apply on open wounds
371,Haircare,Frizzy Hair,Curly,Flaky Skin; Dull Appearance,Egg Yolk; Green Tea,Mix ingredients into a smooth paste,Apply gently on affected area and leave for 20-30 minutes,Daily,Do patch test before use
372,Skincare,Pigmentation,Normal,Uneven Tone; Dull Appearance,Multani Mitti; Papaya,Mix ingredients into a smooth paste,Apply gently on affected area and leave for 20-30 minutes,Daily,Do not apply on open wounds
373,Haircare,Hair Growth,Curly,Uneven Tone; Scalp Irritation,Yogurt; Curd,Mix ingredients into a smooth paste,Apply gently on affected area and leave for 20-30 minutes,2 times/week,Do patch test before use
374,Haircare,Hair Fall,Curly,Flaky Skin; Dry Texture,Coconut Oil; Curd,Mix ingredients into a smooth paste,Apply gently on affected area and leave for 20-30 minutes,3 times/week,Do patch test before use
375,Haircare,Hair Thinning,All,Roughness; Breakage,Gram Flour; Multani Mitti,Mix ingredients into a smooth paste,Apply gently on affected area and leave for 20-30 minutes,2 times/week,Do patch test before use
376,Haircare,Split Ends,Straight,Hair Shedding; Flaky Skin,Potato Juice; Onion Juice,Mix ingredients into a smooth paste,Apply gently on affected area and leave for 20-30 minutes,Alternate days,Discontinue if irritation occurs
377,Skincare,Acne,Dry,Dry Texture; Excess Oil,Multani Mitti; Castor Oil,Mix ingredients into a smooth paste,Apply gently on affected area and leave for 20-30 minutes,Daily,Discontinue if irritation occurs
378,Haircare,Dandruff,Straight,Uneven Tone; Dry Texture,Aloe Vera; Onion Juice,Mix ingredients into a smooth paste,Apply gently on affected area and leave for 20-30 minutes,Daily,Discontinue if irritation occurs
379,Haircare,Premature Greying,Curly,Roughness; Uneven Tone,Egg Yolk; Fenugreek Seeds,Mix ingredients into a smooth paste,Apply gently on affected area and leave for 20-30 minutes,3 times/week,Discontinue if irritation occurs
380,Haircare,Hair Thinning,Curly,Scalp Irritation; Redness,Neem Powder; Potato Juice,Mix ingredients into a smooth paste,Apply gently on affected area and leave for 20-30 minutes,2 times/week,Avoid sun exposure after application
381,Skincare,Oily Skin,Sensitive,Breakage; Flaky Skin,Castor Oil; Onion Juice,Mix ingredients into a smooth paste,Apply gently on affected area and leave for 20-30 minutes,3 times/week,Do not apply on open wounds
382,Haircare,Split Ends,Curly,Dark Spots; Hair Shedding,Papaya; Curd,Mix ingredients into a smooth paste,Apply gently on affected area and leave for 20-30 minutes,Weekly,Do patch test before use
383,Haircare,Premature Greying,All,Dry Texture; Roughness,Yogurt; Green Tea,Mix ingredients into a smooth paste,Apply gently on affected area and leave for 20-30 minutes,3 times/week,Do patch test before use
384,Haircare,Dry Hair,Oily,Uneven Tone; Breakage,Honey; Rose Water,Mix ingredients into a smooth paste,Apply gently on affected area and leave for 20-30 minutes,Daily,Discontinue if irritation occurs
385,Skincare,Dull Skin,Oily,Itching; Dry Texture,Banana; Papaya,Mix ingredients into a smooth paste,Apply gently on affected area and leave for 20-30 minutes,Daily,Avoid sun exposure after application
386,Skincare,Pigmentation,Dry,Itching; Uneven Tone,Olive Oil; Banana,Mix ingredients into a smooth paste,Apply gently on affected area and leave for 20-30 minutes,3 times/week,Consult dermatologist if severe condition
387,Haircare,Hair Growth,Straight,Flaky Skin; Roughness,Gram Flour; Rose Water,Mix ingredients into a smooth paste,Apply gently on affected area and leave for 20-30 minutes,3 times/week,Avoid sun exposure after application
388,Skincare,Blackheads,Combination,Breakage; Dry Texture,Coconut Oil; Rose Water,Mix ingredients into a smooth paste,Apply gently on affected area and leave for 20-30 minutes,Daily,Discontinue if irritation occurs
389,Haircare,Hair Fall,Normal,Flaky Skin; Hair Shedding,Banana; Onion Juice,Mix ingredients into a smooth paste,Apply gently on affected area and leave for 20-30 minutes,Daily,Do patch test before use
390,Haircare,Hair Fall,Curly,Flaky Skin; Scalp Irritation,Yogurt; Banana,Mix ingredients into a smooth paste,Apply gently on affected area and leave for 20-30 minutes,Alternate days,Avoid sun exposure after application
391,Haircare,Dandruff,Normal,Roughness; Inflammation,Turmeric; Neem Powder,Mix ingredients into a smooth paste,Apply gently on affected area and leave for 20-30 minutes,Weekly,Avoid sun exposure after application
392,Haircare,Premature Greying,All,Roughness; Breakage,Fenugreek Seeds; Coconut Oil,Mix ingredients into a smooth paste,Apply gently on affected area and leave for 20-30 minutes,Daily,Discontinue if irritation occurs
393,Haircare,Hair Thinning,Oily,Roughness; Flaky Skin,Lemon Juice; Castor Oil,Mix ingredients into a smooth paste,Apply gently on affected area and leave for 20-30 minutes,Weekly,Avoid sun exposure after application
394,Skincare,Rashes,All,Excess Oil; Roughness,Fenugreek Seeds; Multani Mitti,Mix ingredients into a smooth paste,Apply gently on affected area and leave for 20-30 minutes,Weekly,Consult dermatologist if severe condition
395,Skincare,Open Pores,Sensitive,Dry Texture; Roughness,Neem Powder; Green Tea,Mix ingredients into a smooth paste,Apply gently on affected area and leave for 20-30 minutes,Alternate days,Avoid sun exposure after application
396,Skincare,Rashes,Sensitive,Excess Oil; Dull Appearance,Lemon Juice; Honey,Mix ingredients into a smooth paste,Apply gently on affected area and leave for 20-30 minutes,Alternate days,Do not apply on open wounds
397,Skincare,Wrinkles,Normal,Scalp Irritation; Flaky Skin,Onion Juice; Fenugreek Seeds,Mix ingredients into a smooth paste,Apply gently on affected area and leave for 20-30 minutes,2 times/week,Do patch test before use
398,Skincare,Wrinkles,Oily,Redness; Breakage,Papaya; Aloe Vera,Mix ingredients into a smooth paste,Apply gently on affected area and leave for 20-30 minutes,Daily,Consult dermatologist if severe condition
399,Haircare,Hair Growth,Oily,Inflammation; Dull Appearance,Castor Oil; Aloe Vera,Mix ingredients into a smooth paste,Apply gently on affected area and leave for 20-30 minutes,Weekly,Do not apply on open wounds
400,Skincare,Oily Skin,Dry,Roughness; Uneven Tone,Fenugreek Seeds; Onion Juice,Mix ingredients into a smooth paste,Apply gently on affected area and leave for 20-30 minutes,Daily,Do not apply on open wounds
